{
  "rewrites": [
    {
      "source": "/(.*)",
      "destination": "/index.html"
    }
  ],
  "headers": [
    {
      "source": "/(.*)",
      "headers": [
        {
          "key": "X-Content-Type-Options",
          "value": "nosniff"
        },
        {
          "key": "X-Frame-Options",
          "value": "SAMEORIGIN"
        },
        {
          "key": "X-XSS-Protection",
          "value": "1; mode=block"
        },
        {
          "key": "Referrer-Policy",
          "value": "strict-origin-when-cross-origin"
        },
        {
          "key": "Strict-Transport-Security",
          "value": "max-age=63072000; includeSubDomains; preload"
        },
        {
          "key": "Permissions-Policy",
          "value": "camera=*, microphone=*, geolocation=self, display-capture=*, autoplay=*"
        },
        {
          "key": "Cross-Origin-Opener-Policy",
          "value": "same-origin-allow-popups"
        },
        {
          "key": "Cross-Origin-Resource-Policy",
          "value": "cross-origin"
        },
        {
          "key": "Cross-Origin-Embedder-Policy",
          "value": "unsafe-none"
        }
      ]
    }
  ]
}